<environmentvariabledefinition schemaname="cr3f6_TenantID">
  <description default="M365 License Tenant ID ">
    <label description="M365 License Tenant ID " languagecode="1033" />
  </description>
  <displayname default="TenantID">
    <label description="TenantID" languagecode="1033" />
  </displayname>
  <introducedversion>1.0.0.0</introducedversion>
  <iscustomizable>1</iscustomizable>
  <isrequired>0</isrequired>
  <secretstore>0</secretstore>
  <type>100000000</type>
</environmentvariabledefinition>