<environmentvariabledefinition schemaname="cr3f6_ClientID">
  <description default="M365 License ClientID">
    <label description="M365 License ClientID" languagecode="1033" />
  </description>
  <displayname default="ClientID">
    <label description="ClientID" languagecode="1033" />
  </displayname>
  <introducedversion>1.0.0.0</introducedversion>
  <iscustomizable>1</iscustomizable>
  <isrequired>0</isrequired>
  <secretstore>0</secretstore>
  <type>100000000</type>
</environmentvariabledefinition>