<environmentvariabledefinition schemaname="cr3f6_M365GroupID">
  <description default="M365 GroupID - M365 License">
    <label description="M365 GroupID - M365 License" languagecode="1033" />
  </description>
  <displayname default="M365 GroupID">
    <label description="M365 GroupID" languagecode="1033" />
  </displayname>
  <introducedversion>1.0.0.0</introducedversion>
  <iscustomizable>1</iscustomizable>
  <isrequired>0</isrequired>
  <secretstore>0</secretstore>
  <type>100000000</type>
</environmentvariabledefinition>