<environmentvariabledefinition schemaname="cr3f6_Secret">
  <description default="Secret M365 License">
    <label description="Secret M365 License" languagecode="1033" />
  </description>
  <displayname default="Secret">
    <label description="Secret" languagecode="1033" />
  </displayname>
  <introducedversion>1.0.0.0</introducedversion>
  <iscustomizable>1</iscustomizable>
  <isrequired>0</isrequired>
  <secretstore>0</secretstore>
  <type>100000000</type>
</environmentvariabledefinition>